TLP,Observable (not an IOC!),Comment,Source
WHITE,04cxsh[.]rentranking[.]online,First stage DoppelGänger,Sekoia.io
WHITE,09474w[.]reyt-cre-ad34[.]buzz,First stage DoppelGänger,Sekoia.io
WHITE,0o89l7[.]lucky-cred-moment286[.]buzz,First stage DoppelGänger,Sekoia.io
WHITE,0prb8e[.]bubo-webdesign[.]com,First stage DoppelGänger,Sekoia.io
WHITE,0zto6t[.]maximizeyourmoney[.]info,First stage DoppelGänger,Sekoia.io
WHITE,156a3i[.]good-credit-it92[.]buzz,First stage DoppelGänger,Sekoia.io
WHITE,18amh2[.]575398a[.]com,First stage DoppelGänger,Sekoia.io
WHITE,1d30z3[.]prodentimonline[.]online,First stage DoppelGänger,Sekoia.io
WHITE,1gh3ez[.]se5pro[.]co[.]uk,First stage DoppelGänger,Sekoia.io
WHITE,1rrh4p[.]lauraperez[.]lat,First stage DoppelGänger,Sekoia.io
WHITE,1tppk5[.]pueblosmagicosdemexico[.]site,First stage DoppelGänger,Sekoia.io
WHITE,1u7y85[.]kredit-money-fun213[.]buzz,First stage DoppelGänger,Sekoia.io
WHITE,1w2gfp[.]persiapkandiri[.]click,First stage DoppelGänger,Sekoia.io
WHITE,1wifsq[.]c-majac-ann4[.]buzz,First stage DoppelGänger,Sekoia.io
WHITE,1yrofi[.]speaiker[.]com,First stage DoppelGänger,Sekoia.io
WHITE,2byz26[.]tengnangkia100[.]click,First stage DoppelGänger,Sekoia.io
WHITE,2k178c[.]galeriahungaria[.]com,First stage DoppelGänger,Sekoia.io
WHITE,2l7p5t[.]rvn[.]agency,First stage DoppelGänger,Sekoia.io
WHITE,2prkhe[.]hsbc[.]monster,First stage DoppelGänger,Sekoia.io
WHITE,34d37b[.]janithjayasala[.]com,First stage DoppelGänger,Sekoia.io
WHITE,363mw3[.]lapropietat[.]cat,First stage DoppelGänger,Sekoia.io
WHITE,37uxh4[.]topseries[.]stream,First stage DoppelGänger,Sekoia.io
WHITE,39bwjn[.]comeback159[.]click,First stage DoppelGänger,Sekoia.io
WHITE,3avyzy[.]bhojpuriupdate[.]online,First stage DoppelGänger,Sekoia.io
WHITE,3cioni[.]bonus-menarik[.]xyz,First stage DoppelGänger,Sekoia.io
WHITE,3fzfk3[.]oracionalavirgendeguadalupe[.]cat,First stage DoppelGänger,Sekoia.io
WHITE,3g984z[.]suatuti[.]store,First stage DoppelGänger,Sekoia.io
WHITE,3h0p06[.]arlpools[.]site,First stage DoppelGänger,Sekoia.io
WHITE,3isdf2[.]real-credits-snap208[.]buzz,First stage DoppelGänger,Sekoia.io
WHITE,3wk8wa[.]kariz-good-ad10[.]buzz,First stage DoppelGänger,Sekoia.io
WHITE,405a39[.]goodgame4[.]click,First stage DoppelGänger,Sekoia.io
WHITE,40jczf[.]testahil[.]online,First stage DoppelGänger,Sekoia.io
WHITE,41xikp[.]lotus365-app[.]life,First stage DoppelGänger,Sekoia.io
WHITE,42h2nb[.]ugandanchemist[.]com,First stage DoppelGänger,Sekoia.io
WHITE,45dmby[.]phonatography[.]com,First stage DoppelGänger,Sekoia.io
WHITE,489hpx[.]midnights93[.]click,First stage DoppelGänger,Sekoia.io
WHITE,49g7l6[.]only-best-kred119[.]buzz,First stage DoppelGänger,Sekoia.io
WHITE,4fvgo7[.]theearthangelconnection[.]com,First stage DoppelGänger,Sekoia.io
WHITE,4g3ssr[.]zeroceluliteste[.]online,First stage DoppelGänger,Sekoia.io
WHITE,4v4sre[.]homefurniture11[.]xyz,First stage DoppelGänger,Sekoia.io
WHITE,4ygp0x[.]acilkksiqortahizmeti[.]xyz,First stage DoppelGänger,Sekoia.io
WHITE,4za2tl[.]kredyt-kr28[.]buzz,First stage DoppelGänger,Sekoia.io
WHITE,4zuij0[.]supe-nesie-ad17[.]buzz,First stage DoppelGänger,Sekoia.io
WHITE,4zw697[.]heatlhylife[.]online,First stage DoppelGänger,Sekoia.io
WHITE,51ja3b[.]manifestwealth[.]world,First stage DoppelGänger,Sekoia.io
WHITE,52i7b9[.]amiclear-store[.]online,First stage DoppelGänger,Sekoia.io
WHITE,53j7sh[.]viczak[.]xyz,First stage DoppelGänger,Sekoia.io
WHITE,53wdxh[.]forexandcurrencynews[.]com,First stage DoppelGänger,Sekoia.io
WHITE,55hpko[.]perludiketahui[.]click,First stage DoppelGänger,Sekoia.io
WHITE,56mvm9[.]eothondangdep[.]shop,First stage DoppelGänger,Sekoia.io
WHITE,5fe8ap[.]primelearn[.]co[.]uk,First stage DoppelGänger,Sekoia.io
WHITE,5map7w[.]gardeningflair[.]com,First stage DoppelGänger,Sekoia.io
WHITE,5ose9t[.]pepper[.]quest,First stage DoppelGänger,Sekoia.io
WHITE,5pbnxj[.]ppplown[.]com,First stage DoppelGänger,Sekoia.io
WHITE,5tbox5[.]bebraclub[.]online,First stage DoppelGänger,Sekoia.io
WHITE,5x8m62[.]pellepelle[.]nyc,First stage DoppelGänger,Sekoia.io
WHITE,60muu7[.]ahmasasihh27[.]click,First stage DoppelGänger,Sekoia.io
WHITE,61c14a[.]ger4098764793ggwhit3[.]online,First stage DoppelGänger,Sekoia.io
WHITE,62ogyy[.]internetbusinesslondon[.]co[.]uk,First stage DoppelGänger,Sekoia.io
WHITE,65i76o[.]bpinks[.]site,First stage DoppelGänger,Sekoia.io
WHITE,690xfk[.]intresso-cre-ag33[.]buzz,First stage DoppelGänger,Sekoia.io
WHITE,6c6q5r[.]lucky-cred-moment87[.]buzz,First stage DoppelGänger,Sekoia.io
WHITE,6cgotl[.]homedecorukstyle[.]link,First stage DoppelGänger,Sekoia.io
WHITE,6ijtts[.]off-record[.]online,First stage DoppelGänger,Sekoia.io
WHITE,6itfsn[.]zaksi-kred-ad27[.]buzz,First stage DoppelGänger,Sekoia.io
WHITE,6m1vo3[.]themuppethshow[.]xyz,First stage DoppelGänger,Sekoia.io
WHITE,6nthbs[.]kredyt-kr68[.]buzz,First stage DoppelGänger,Sekoia.io
WHITE,6td1pe[.]monetarifund[.]co,First stage DoppelGänger,Sekoia.io
WHITE,6ukiww[.]tengnangkia88[.]click,First stage DoppelGänger,Sekoia.io
WHITE,6x5k7x[.]hero-review[.]online,First stage DoppelGänger,Sekoia.io
WHITE,6xi6dp[.]zaksi-kred-mx23[.]buzz,First stage DoppelGänger,Sekoia.io
WHITE,6z84a5[.]zm-kariz-best254[.]buzz,First stage DoppelGänger,Sekoia.io
WHITE,708m8v[.]cooperbline[.]co[.]uk,First stage DoppelGänger,Sekoia.io
WHITE,7327fy[.]nftomas[.]xyz,First stage DoppelGänger,Sekoia.io
WHITE,778lin[.]testingarsip[.]xyz,First stage DoppelGänger,Sekoia.io
WHITE,7fo5kj[.]nice-credits-list187[.]buzz,First stage DoppelGänger,Sekoia.io
WHITE,7fze5c[.]traveltunnels[.]com,First stage DoppelGänger,Sekoia.io
WHITE,7hq7ul[.]real-credits-snap123[.]buzz,First stage DoppelGänger,Sekoia.io
WHITE,7kt49m[.]varinderafurniture[.]com,First stage DoppelGänger,Sekoia.io
WHITE,7nqugi[.]active-credvia0[.]fun,First stage DoppelGänger,Sekoia.io
WHITE,7ojezy[.]hobocoin[.]online,First stage DoppelGänger,Sekoia.io
WHITE,7tnsyh[.]dreamigrationcanada[.]com,First stage DoppelGänger,Sekoia.io
WHITE,7w95on[.]xchess[.]xyz,First stage DoppelGänger,Sekoia.io
WHITE,89d8b6[.]gamewin31[.]click,First stage DoppelGänger,Sekoia.io
WHITE,8axkxt[.]testingarsip[.]xyz,First stage DoppelGänger,Sekoia.io
WHITE,8gd9w7[.]intresso-cre-ad79[.]shop,First stage DoppelGänger,Sekoia.io
WHITE,8i0o5h[.]cacar[.]org,First stage DoppelGänger,Sekoia.io
WHITE,8i91p5[.]cleverwebmedia[.]com,First stage DoppelGänger,Sekoia.io
WHITE,8mkatm[.]reyt-cre-ann36[.]buzz,First stage DoppelGänger,Sekoia.io
WHITE,8nyxgz[.]608tk44[.]com,First stage DoppelGänger,Sekoia.io
WHITE,8o5bqr[.]cbrtheorieexamenoefenen[.]nl,First stage DoppelGänger,Sekoia.io
WHITE,8rywio[.]multicanais[.]fyi,First stage DoppelGänger,Sekoia.io
WHITE,8tknm7[.]cinewoo[.]be,First stage DoppelGänger,Sekoia.io
WHITE,8z12l0[.]contrachonhonghais[.]store,First stage DoppelGänger,Sekoia.io
WHITE,914uef[.]theearthangelconnection[.]com,First stage DoppelGänger,Sekoia.io
WHITE,91tvhf[.]newsallusa[.]online,First stage DoppelGänger,Sekoia.io
WHITE,93e9g8[.]top-kred-kic35[.]buzz,First stage DoppelGänger,Sekoia.io
WHITE,98pjwu[.]iptv-neoss[.]com,First stage DoppelGänger,Sekoia.io
WHITE,99h57r[.]lifestyleoffer[.]life,First stage DoppelGänger,Sekoia.io
WHITE,9dcw3b[.]blockmuseum[.]art,First stage DoppelGänger,Sekoia.io
WHITE,9houtn[.]abspro[.]xyz,First stage DoppelGänger,Sekoia.io
WHITE,9ikj6m[.]fartpoopoo[.]gay,First stage DoppelGänger,Sekoia.io
WHITE,9iyixk[.]forexandcurrencynews[.]com,First stage DoppelGänger,Sekoia.io
WHITE,9j9dg4[.]kredyt-k76[.]shop,First stage DoppelGänger,Sekoia.io
WHITE,9t7ecm[.]comeback159[.]click,First stage DoppelGänger,Sekoia.io
WHITE,9wp545[.]cypressnewsgh[.]online,First stage DoppelGänger,Sekoia.io
WHITE,a3fuhh[.]thraciangrill[.]com,First stage DoppelGänger,Sekoia.io
WHITE,a8czwp[.]gituyahmainnya18[.]click,First stage DoppelGänger,Sekoia.io
WHITE,ac7e94[.]glucoberry[.]life,First stage DoppelGänger,Sekoia.io
WHITE,ag3w95[.]harperkayes[.]com,First stage DoppelGänger,Sekoia.io
WHITE,akpnyh[.]perludiketahui[.]click,First stage DoppelGänger,Sekoia.io
WHITE,aoyinx[.]bukuygemoy335[.]shop,First stage DoppelGänger,Sekoia.io
WHITE,auour6[.]innoviosoft[.]com,First stage DoppelGänger,Sekoia.io
WHITE,avp911[.]canadiendocrinologo[.]store,First stage DoppelGänger,Sekoia.io
WHITE,ax8tmv[.]kuslaskillc[.]com,First stage DoppelGänger,Sekoia.io
WHITE,axbd3u[.]intermediationservices[.]com,First stage DoppelGänger,Sekoia.io
WHITE,b6vcvm[.]onla[.]shop,First stage DoppelGänger,Sekoia.io
WHITE,beicuy[.]abtbatteries[.]com,First stage DoppelGänger,Sekoia.io
WHITE,blcom1[.]weprovidecare247[.]uk,First stage DoppelGänger,Sekoia.io
WHITE,bml4lj[.]cinewoo[.]be,First stage DoppelGänger,Sekoia.io
WHITE,buegym[.]ranking-kariz108[.]buzz,First stage DoppelGänger,Sekoia.io
WHITE,bujeas[.]earthcoine[.]com,First stage DoppelGänger,Sekoia.io
WHITE,bvgs4d[.]kredyt-max-89[.]shop,First stage DoppelGänger,Sekoia.io
WHITE,bvrcq6[.]cypressnewsgh[.]online,First stage DoppelGänger,Sekoia.io
WHITE,bwewkd[.]verify-loc[.]info,First stage DoppelGänger,Sekoia.io
WHITE,bz4ftv[.]recetacasera[.]online,First stage DoppelGänger,Sekoia.io
WHITE,c11gpw[.]fl-studio-mobile-apk[.]online,First stage DoppelGänger,Sekoia.io
WHITE,c1y811[.]northarlingtonsmiles[.]com,First stage DoppelGänger,Sekoia.io
WHITE,c3wtcy[.]first-credi76[.]buzz,First stage DoppelGänger,Sekoia.io
WHITE,c44u87[.]sga62[.]link,First stage DoppelGänger,Sekoia.io
WHITE,ciatoj[.]hero-review[.]online,First stage DoppelGänger,Sekoia.io
WHITE,ck5bo8[.]kredyt-kr52[.]buzz,First stage DoppelGänger,Sekoia.io
WHITE,cofcoe[.]mkfashion[.]co[.]uk,First stage DoppelGänger,Sekoia.io
WHITE,cqwub4[.]pefortexbusiness[.]com,First stage DoppelGänger,Sekoia.io
WHITE,ctdxdr[.]projectsbyphoenyx[.]xyz,First stage DoppelGänger,Sekoia.io
WHITE,ctefwp[.]parimatchbook11[.]com,First stage DoppelGänger,Sekoia.io
WHITE,cxvnur[.]khach-hang-ca-nhan-v-n[.]com,First stage DoppelGänger,Sekoia.io
WHITE,d6egyr[.]borafazerfestaoficial[.]online,First stage DoppelGänger,Sekoia.io
WHITE,d6zusz[.]nelfashealthykakanin[.]com,First stage DoppelGänger,Sekoia.io
WHITE,dcygxs[.]bestholidaytour[.]website,First stage DoppelGänger,Sekoia.io
WHITE,dczj2g[.]real-credits-snap283[.]buzz,First stage DoppelGänger,Sekoia.io
WHITE,dhlsua[.]ppplown[.]com,First stage DoppelGänger,Sekoia.io
WHITE,dotgu4[.]almeida[.]network,First stage DoppelGänger,Sekoia.io
WHITE,dvqbcz[.]rvn[.]agency,First stage DoppelGänger,Sekoia.io
WHITE,dvr3qx[.]whencontact[.]com,First stage DoppelGänger,Sekoia.io
WHITE,dw1w44[.]skmmachiningindia[.]com,First stage DoppelGänger,Sekoia.io
WHITE,dx3wns[.]guncelgirisyeri02[.]site,First stage DoppelGänger,Sekoia.io
WHITE,dxlfh1[.]localbitch[.]co[.]uk,First stage DoppelGänger,Sekoia.io
WHITE,e1n93u[.]mollygemoy1[.]click,First stage DoppelGänger,Sekoia.io
WHITE,e3shv0[.]paginaswebsonora[.]com,First stage DoppelGänger,Sekoia.io
WHITE,e5e2kn[.]automaticpro[.]top,First stage DoppelGänger,Sekoia.io
WHITE,e5ms4v[.]techierootsinfosoft[.]store,First stage DoppelGänger,Sekoia.io
WHITE,e5o94o[.]a2zsol[.]biz,First stage DoppelGänger,Sekoia.io
WHITE,e81877[.]real-credits-snap88[.]buzz,First stage DoppelGänger,Sekoia.io
WHITE,e869ln[.]deepmarketingsehore[.]in,First stage DoppelGänger,Sekoia.io
WHITE,e8u7jh[.]zimba[.]digital,First stage DoppelGänger,Sekoia.io
WHITE,e94gds[.]ultraman108[.]click,First stage DoppelGänger,Sekoia.io
WHITE,ecsfey[.]lucky-cred-moment18[.]buzz,First stage DoppelGänger,Sekoia.io
WHITE,ek3gog[.]ukgraphiclab[.]co[.]uk,First stage DoppelGänger,Sekoia.io
WHITE,ekpmpd[.]ppplown[.]com,First stage DoppelGänger,Sekoia.io
WHITE,elf9n4[.]kredyt-kr71[.]buzz,First stage DoppelGänger,Sekoia.io
WHITE,elxtbm[.]taigamebaisung[.]com,First stage DoppelGänger,Sekoia.io
WHITE,er0og2[.]guesto-kre-ag34[.]buzz,First stage DoppelGänger,Sekoia.io
WHITE,er92kb[.]se5pro[.]co[.]uk,First stage DoppelGänger,Sekoia.io
WHITE,ertsym[.]masteratendimento[.]com,First stage DoppelGänger,Sekoia.io
WHITE,ev9fnb[.]skbasedbylegend[.]live,First stage DoppelGänger,Sekoia.io
WHITE,exby8r[.]armyirr[.]info,First stage DoppelGänger,Sekoia.io
WHITE,ext2sy[.]61155[.]com,First stage DoppelGänger,Sekoia.io
WHITE,ey1wu3[.]terobosanbaru[.]click,First stage DoppelGänger,Sekoia.io
WHITE,eztyxm[.]kredit-money-fun207[.]buzz,First stage DoppelGänger,Sekoia.io
WHITE,f1pf2q[.]cepatlahini56[.]click,First stage DoppelGänger,Sekoia.io
WHITE,f26a9s[.]openminded[.]click,First stage DoppelGänger,Sekoia.io
WHITE,f573ej[.]rating-cred122[.]buzz,First stage DoppelGänger,Sekoia.io
WHITE,f5j5jc[.]gojjorealty[.]net,First stage DoppelGänger,Sekoia.io
WHITE,f6t445[.]cypressnewsgh[.]online,First stage DoppelGänger,Sekoia.io
WHITE,f86gue[.]xoixcmoy[.]click,First stage DoppelGänger,Sekoia.io
WHITE,fd1o6u[.]nice-credits-list250[.]buzz,First stage DoppelGänger,Sekoia.io
WHITE,fd4pil[.]producerglobal[.]com,First stage DoppelGänger,Sekoia.io
WHITE,fd774z[.]usedcarsdubai[.]net,First stage DoppelGänger,Sekoia.io
WHITE,fdrvnb[.]crochetmundial[.]site,First stage DoppelGänger,Sekoia.io
WHITE,fgfrt3[.]speaiker[.]com,First stage DoppelGänger,Sekoia.io
WHITE,fp14an[.]guncelgirisyeri02[.]site,First stage DoppelGänger,Sekoia.io
WHITE,frwi2j[.]kredit-money-fun102[.]buzz,First stage DoppelGänger,Sekoia.io
WHITE,ftpk4v[.]rou[.]bar,First stage DoppelGänger,Sekoia.io
WHITE,fuhjn5[.]aprendeconarte[.]site,First stage DoppelGänger,Sekoia.io
WHITE,g0lerc[.]sleels[.]xyz,First stage DoppelGänger,Sekoia.io
WHITE,g3khoa[.]ttop-kreds-g274[.]buzz,First stage DoppelGänger,Sekoia.io
WHITE,g3pjai[.]multicargason[.]online,First stage DoppelGänger,Sekoia.io
WHITE,g46t5u[.]abtbatteries[.]com,First stage DoppelGänger,Sekoia.io
WHITE,g6t21h[.]coyoteatv[.]com,First stage DoppelGänger,Sekoia.io
WHITE,g9y1zk[.]atlantacharterbusrentals[.]com,First stage DoppelGänger,Sekoia.io
WHITE,gaeyl9[.]gardeningflair[.]com,First stage DoppelGänger,Sekoia.io
WHITE,gcntfi[.]dubaipermits[.]com,First stage DoppelGänger,Sekoia.io
WHITE,gd3ubv[.]workaboo-challenge1[.]site,First stage DoppelGänger,Sekoia.io
WHITE,geefhs[.]pecahdor17[.]click,First stage DoppelGänger,Sekoia.io
WHITE,gg511s[.]orange-mpuc[.]online,First stage DoppelGänger,Sekoia.io
WHITE,ggcl6f[.]c-majac-ann3[.]buzz,First stage DoppelGänger,Sekoia.io
WHITE,ghjo4w[.]casausaigon[.]com[.]vn,First stage DoppelGänger,Sekoia.io
WHITE,grn25m[.]cuanasia128[.]click,First stage DoppelGänger,Sekoia.io
WHITE,gs7vx1[.]meditation5a[.]shop,First stage DoppelGänger,Sekoia.io
WHITE,gtunsw[.]din-fit[.]com,First stage DoppelGänger,Sekoia.io
WHITE,gu2511[.]pwscontrols[.]com,First stage DoppelGänger,Sekoia.io
WHITE,gyjcaa[.]reddy-anna[.]shop,First stage DoppelGänger,Sekoia.io
WHITE,h2iaf5[.]shoptapuff[.]ch,First stage DoppelGänger,Sekoia.io
WHITE,h43me0[.]yubayitajak[.]online,First stage DoppelGänger,Sekoia.io
WHITE,h6ta1c[.]arviewtv[.]org,First stage DoppelGänger,Sekoia.io
WHITE,hjv2kk[.]bobokquen[.]store,First stage DoppelGänger,Sekoia.io
WHITE,hm4g5a[.]zaletto-kerto-ann6[.]buzz,First stage DoppelGänger,Sekoia.io
WHITE,hmt56b[.]smartphonesnut[.]com,First stage DoppelGänger,Sekoia.io
WHITE,honu0h[.]malazooz[.]site,First stage DoppelGänger,Sekoia.io
WHITE,hp4nlj[.]testingarsip[.]xyz,First stage DoppelGänger,Sekoia.io
WHITE,hqcil9[.]intresso-cre-ad11[.]buzz,First stage DoppelGänger,Sekoia.io
WHITE,huxjlb[.]multicanais[.]fyi,First stage DoppelGänger,Sekoia.io
WHITE,hwhcdk[.]lailiau3[.]click,First stage DoppelGänger,Sekoia.io
WHITE,hxdtdd[.]herbsforall[.]store,First stage DoppelGänger,Sekoia.io
WHITE,i82m95[.]zm-kariz-best50[.]buzz,First stage DoppelGänger,Sekoia.io
WHITE,ibkmh3[.]kemujuranterindah[.]click,First stage DoppelGänger,Sekoia.io
WHITE,ig8sq3[.]din-fit[.]com,First stage DoppelGänger,Sekoia.io
WHITE,igyfoy[.]norfolkcustomconcrete[.]com,First stage DoppelGänger,Sekoia.io
WHITE,ii0bgu[.]cdlrecruiterai[.]com,First stage DoppelGänger,Sekoia.io
WHITE,ikf2bl[.]pastimenang9[.]site,First stage DoppelGänger,Sekoia.io
WHITE,il2nrp[.]ppplown[.]com,First stage DoppelGänger,Sekoia.io
WHITE,ilduep[.]gasskuy138[.]click,First stage DoppelGänger,Sekoia.io
WHITE,iok1ty[.]zanpakuto74[.]click,First stage DoppelGänger,Sekoia.io
WHITE,irc3ae[.]freevideodownloader[.]pro,First stage DoppelGänger,Sekoia.io
WHITE,iwkjpg[.]frisurenmarkt[.]com,First stage DoppelGänger,Sekoia.io
WHITE,ixf4ad[.]cooperbline[.]co[.]uk,First stage DoppelGänger,Sekoia.io
WHITE,j11lom[.]pankajnakhat[.]com,First stage DoppelGänger,Sekoia.io
WHITE,j2mupk[.]kredit-money-fun147[.]buzz,First stage DoppelGänger,Sekoia.io
WHITE,j33gr3[.]sga94[.]online,First stage DoppelGänger,Sekoia.io
WHITE,jagsan[.]maidanviewwindowinstallations[.]co[.]uk,First stage DoppelGänger,Sekoia.io
WHITE,jb3ye7[.]realizeit[.]click,First stage DoppelGänger,Sekoia.io
WHITE,jej2r8[.]ranking-kariz95[.]buzz,First stage DoppelGänger,Sekoia.io
WHITE,joo5s4[.]cocinadietas[.]website,First stage DoppelGänger,Sekoia.io
WHITE,jozn68[.]universaldecoration[.]com,First stage DoppelGänger,Sekoia.io
WHITE,jxh9l3[.]parimatchbook11[.]com,First stage DoppelGänger,Sekoia.io
WHITE,k1hgpl[.]cdlrecruiterai[.]com,First stage DoppelGänger,Sekoia.io
WHITE,k3gx7u[.]customautobodyaz[.]com,First stage DoppelGänger,Sekoia.io
WHITE,k5opez[.]uniformpalace[.]com[.]pk,First stage DoppelGänger,Sekoia.io
WHITE,k76mmh[.]yassirjamal[.]com,First stage DoppelGänger,Sekoia.io
WHITE,k9hcct[.]californiacarstereo[.]com,First stage DoppelGänger,Sekoia.io
WHITE,khrd2c[.]16c16[.]com,First stage DoppelGänger,Sekoia.io
WHITE,kvy97f[.]kaz-kariz-an7[.]buzz,First stage DoppelGänger,Sekoia.io
WHITE,kweley[.]secondarmy[.]co[.]uk,First stage DoppelGänger,Sekoia.io
WHITE,kx40je[.]girls[.]tel,First stage DoppelGänger,Sekoia.io
WHITE,l2d66s[.]facultaddeteatro[.]online,First stage DoppelGänger,Sekoia.io
WHITE,lg1dfy[.]gardeningflair[.]com,First stage DoppelGänger,Sekoia.io
WHITE,livbvg[.]karritech[.]co[.]uk,First stage DoppelGänger,Sekoia.io
WHITE,lldibn[.]comeback191[.]click,First stage DoppelGänger,Sekoia.io
WHITE,lsfiry[.]gmailster[.]com,First stage DoppelGänger,Sekoia.io
WHITE,lzg33z[.]peardrop[.]xyz,First stage DoppelGänger,Sekoia.io
WHITE,lzyd87[.]hmrhdiesmellionline[.]shop,First stage DoppelGänger,Sekoia.io
WHITE,m2wkka[.]ranking-kariz167[.]buzz,First stage DoppelGänger,Sekoia.io
WHITE,mj8t93[.]awarabanjara[.]com,First stage DoppelGänger,Sekoia.io
WHITE,mjdvw0[.]pemburujepe1[.]click,First stage DoppelGänger,Sekoia.io
WHITE,mju6m2[.]kredyt-kr52[.]buzz,First stage DoppelGänger,Sekoia.io
WHITE,mk7a3y[.]grocerysphere[.]com,First stage DoppelGänger,Sekoia.io
WHITE,n2bm8y[.]iconvzla[.]studio,First stage DoppelGänger,Sekoia.io
WHITE,n4wo6m[.]great-cred102[.]buzz,First stage DoppelGänger,Sekoia.io
WHITE,n56cez[.]speaiker[.]com,First stage DoppelGänger,Sekoia.io
WHITE,n7w6bd[.]starfurnishingsimprovement[.]com,First stage DoppelGänger,Sekoia.io
WHITE,n87sy1[.]ppplown[.]com,First stage DoppelGänger,Sekoia.io
WHITE,n8qca3[.]zipplei[.]com,First stage DoppelGänger,Sekoia.io
WHITE,n8tw37[.]mammothcreative[.]co[.]uk,First stage DoppelGänger,Sekoia.io
WHITE,n9e5nz[.]kaveesha[.]tech,First stage DoppelGänger,Sekoia.io
WHITE,nb5gd9[.]reyt-credbest-mx27[.]buzz,First stage DoppelGänger,Sekoia.io
WHITE,nbn6lk[.]animediaz[.]live,First stage DoppelGänger,Sekoia.io
WHITE,ne9eit[.]wdemo[.]online,First stage DoppelGänger,Sekoia.io
WHITE,nf4mkx[.]postofficebank[.]trade,First stage DoppelGänger,Sekoia.io
WHITE,nfn99m[.]transfercorps[.]com,First stage DoppelGänger,Sekoia.io
WHITE,nfsxso[.]356338d[.]com,First stage DoppelGänger,Sekoia.io
WHITE,nupugw[.]lusail[.]site,First stage DoppelGänger,Sekoia.io
WHITE,nvrnb7[.]leidatova[.]com,First stage DoppelGänger,Sekoia.io
WHITE,nw3m7o[.]samaritana[.]com[.]br,First stage DoppelGänger,Sekoia.io
WHITE,nx29n2[.]penisbreakfast[.]com,First stage DoppelGänger,Sekoia.io
WHITE,nzewrr[.]reyt-cre-mx4[.]buzz,First stage DoppelGänger,Sekoia.io
WHITE,o21obd[.]reyt-credbest-mx29[.]buzz,First stage DoppelGänger,Sekoia.io
WHITE,o4g3ud[.]skbasedbylegend[.]live,First stage DoppelGänger,Sekoia.io
WHITE,o4pk9d[.]capacitateonline[.]website,First stage DoppelGänger,Sekoia.io
WHITE,o8js2q[.]healthology[.]store,First stage DoppelGänger,Sekoia.io
WHITE,oef267[.]kredit-money-fun76[.]buzz,First stage DoppelGänger,Sekoia.io
WHITE,ok44l6[.]renderny[.]com,First stage DoppelGänger,Sekoia.io
WHITE,okg6lv[.]traveltunnels[.]com,First stage DoppelGänger,Sekoia.io
WHITE,oonvrd[.]jualpulsaexpress[.]xyz,First stage DoppelGänger,Sekoia.io
WHITE,opvyww[.]denizlifizyorad[.]xyz,First stage DoppelGänger,Sekoia.io
WHITE,orcnyo[.]great-cred3[.]buzz,First stage DoppelGänger,Sekoia.io
WHITE,p4jqlk[.]ffelifeandhealth[.]com,First stage DoppelGänger,Sekoia.io
WHITE,p527xc[.]mammothcreative[.]co[.]uk,First stage DoppelGänger,Sekoia.io
WHITE,p6mpr9[.]pwscontrols[.]com,First stage DoppelGänger,Sekoia.io
WHITE,p6yu7u[.]sga80[.]online,First stage DoppelGänger,Sekoia.io
WHITE,p79hff[.]tengnangkia158[.]click,First stage DoppelGänger,Sekoia.io
WHITE,pcmve9[.]vapewiz[.]co[.]uk,First stage DoppelGänger,Sekoia.io
WHITE,pcrrjx[.]kredit-money-fun169[.]buzz,First stage DoppelGänger,Sekoia.io
WHITE,pdb81l[.]off-record[.]online,First stage DoppelGänger,Sekoia.io
WHITE,pfghgs[.]c-majac-ag47[.]buzz,First stage DoppelGänger,Sekoia.io
WHITE,pg7mzr[.]villarobinsonpuncak[.]com,First stage DoppelGänger,Sekoia.io
WHITE,pgtg2v[.]yellowbarrels[.]co[.]uk,First stage DoppelGänger,Sekoia.io
WHITE,picidg[.]ipsofacto[.]lol,First stage DoppelGänger,Sekoia.io
WHITE,po4nez[.]redbostdone[.]online,First stage DoppelGänger,Sekoia.io
WHITE,pociwz[.]fl-studio-mobile-apk[.]online,First stage DoppelGänger,Sekoia.io
WHITE,pphbdk[.]guesto-kre-ad30[.]buzz,First stage DoppelGänger,Sekoia.io
WHITE,puz7y6[.]karritech[.]co[.]uk,First stage DoppelGänger,Sekoia.io
WHITE,pvw3j6[.]real-credits-snap84[.]buzz,First stage DoppelGänger,Sekoia.io
WHITE,pw2urr[.]ppplown[.]com,First stage DoppelGänger,Sekoia.io
WHITE,q0hsrr[.]terobosanbaru[.]click,First stage DoppelGänger,Sekoia.io
WHITE,q2dn5y[.]renderny[.]com,First stage DoppelGänger,Sekoia.io
WHITE,q3uspk[.]momentsrodeo[.]online,First stage DoppelGänger,Sekoia.io
WHITE,q776ig[.]karritech[.]co[.]uk,First stage DoppelGänger,Sekoia.io
WHITE,qb2vsf[.]zm-kariz-best227[.]buzz,First stage DoppelGänger,Sekoia.io
WHITE,qf7hky[.]jik-kre-an36[.]buzz,First stage DoppelGänger,Sekoia.io
WHITE,qfxrvs[.]elshoppo[.]buzz,First stage DoppelGänger,Sekoia.io
WHITE,qfyga9[.]shopyew[.]com,First stage DoppelGänger,Sekoia.io
WHITE,qlygnt[.]comeback86[.]click,First stage DoppelGänger,Sekoia.io
WHITE,qybraf[.]kredit-money-fun65[.]buzz,First stage DoppelGänger,Sekoia.io
WHITE,r0tvj1[.]goldenage[.]cloud,First stage DoppelGänger,Sekoia.io
WHITE,r311r2[.]meryscare[.]com,First stage DoppelGänger,Sekoia.io
WHITE,r4mki3[.]kemujuranterindah[.]click,First stage DoppelGänger,Sekoia.io
WHITE,raw93k[.]ppplown[.]com,First stage DoppelGänger,Sekoia.io
WHITE,reb6r1[.]fl-studio-mobile-apk[.]online,First stage DoppelGänger,Sekoia.io
WHITE,res2ka[.]skey[.]fun,First stage DoppelGänger,Sekoia.io
WHITE,rewm2y[.]graher[.]life,First stage DoppelGänger,Sekoia.io
WHITE,rfroc3[.]goldenmaps[.]com,First stage DoppelGänger,Sekoia.io
WHITE,rl8f8b[.]faltufat[.]online,First stage DoppelGänger,Sekoia.io
WHITE,rlnbnn[.]banglasuvidha[.]com,First stage DoppelGänger,Sekoia.io
WHITE,rr185k[.]resmi148[.]click,First stage DoppelGänger,Sekoia.io
WHITE,rrmsev[.]forexandcurrencynews[.]com,First stage DoppelGänger,Sekoia.io
WHITE,rrw2sl[.]rating-cred164[.]buzz,First stage DoppelGänger,Sekoia.io
WHITE,rs4g9d[.]ukgraphiclab[.]co[.]uk,First stage DoppelGänger,Sekoia.io
WHITE,rwa345[.]testingarsip[.]xyz,First stage DoppelGänger,Sekoia.io
WHITE,ry2ytb[.]medangold[.]info,First stage DoppelGänger,Sekoia.io
WHITE,s3zzo3[.]rou[.]bar,First stage DoppelGänger,Sekoia.io
WHITE,s4n8vh[.]landlord[.]ist,First stage DoppelGänger,Sekoia.io
WHITE,s7ycji[.]skyriper50[.]click,First stage DoppelGänger,Sekoia.io
WHITE,s8shg5[.]incawonders[.]com,First stage DoppelGänger,Sekoia.io
WHITE,sbl63p[.]kredit-money-fun274[.]buzz,First stage DoppelGänger,Sekoia.io
WHITE,sc1pej[.]lodiperu[.]com,First stage DoppelGänger,Sekoia.io
WHITE,sc48do[.]lifedailyspecial[.]online,First stage DoppelGänger,Sekoia.io
WHITE,setstg[.]reyt-cre-ad34[.]buzz,First stage DoppelGänger,Sekoia.io
WHITE,shsvo7[.]automobiles[.]se,First stage DoppelGänger,Sekoia.io
WHITE,sj8yc7[.]ger4098764793ggwhit3[.]online,First stage DoppelGänger,Sekoia.io
WHITE,skcdim[.]dewaslot99[.]lol,First stage DoppelGänger,Sekoia.io
WHITE,soamrp[.]whencontact[.]com,First stage DoppelGänger,Sekoia.io
WHITE,sojpny[.]whencontact[.]com,First stage DoppelGänger,Sekoia.io
WHITE,sp9ves[.]great-cred230[.]buzz,First stage DoppelGänger,Sekoia.io
WHITE,spvexh[.]jinghanschool[.]com,First stage DoppelGänger,Sekoia.io
WHITE,st0nz8[.]norfolkcustomconcrete[.]com,First stage DoppelGänger,Sekoia.io
WHITE,t317uy[.]tinyjp007[.]club,First stage DoppelGänger,Sekoia.io
WHITE,t329g9[.]stonesetfireplace[.]com,First stage DoppelGänger,Sekoia.io
WHITE,t581we[.]sim-electromenager[.]com,First stage DoppelGänger,Sekoia.io
WHITE,t62ef9[.]bukuygemoy279[.]shop,First stage DoppelGänger,Sekoia.io
WHITE,t6we8s[.]nicegame177[.]click,First stage DoppelGänger,Sekoia.io
WHITE,t7iehv[.]leathercrafts[.]xyz,First stage DoppelGänger,Sekoia.io
WHITE,t7zasg[.]worldcryptomining[.]live,First stage DoppelGänger,Sekoia.io
WHITE,tdy5jm[.]penisbreakfast[.]com,First stage DoppelGänger,Sekoia.io
WHITE,tg88k7[.]forexandcurrencynews[.]com,First stage DoppelGänger,Sekoia.io
WHITE,tlru6i[.]saljkar[.]se,First stage DoppelGänger,Sekoia.io
WHITE,tnbthh[.]wholesalecannabis[.]club,First stage DoppelGänger,Sekoia.io
WHITE,tpaj7x[.]esportesbet[.]site,First stage DoppelGänger,Sekoia.io
WHITE,tuzho8[.]terrysfoodiology[.]live,First stage DoppelGänger,Sekoia.io
WHITE,tvmolm[.]ranking-kariz124[.]buzz,First stage DoppelGänger,Sekoia.io
WHITE,tyl1pp[.]ikbalardiansah[.]tech,First stage DoppelGänger,Sekoia.io
WHITE,u4bsfe[.]sppaceiro[.]online,First stage DoppelGänger,Sekoia.io
WHITE,ud8hgh[.]remusng[.]com,First stage DoppelGänger,Sekoia.io
WHITE,ugzi1j[.]rating-kredyts17[.]buzz,First stage DoppelGänger,Sekoia.io
WHITE,uk85z1[.]alushi-kariz-ag15[.]buzz,First stage DoppelGänger,Sekoia.io
WHITE,ukzg0z[.]webne12chatgptpempresas[.]com,First stage DoppelGänger,Sekoia.io
WHITE,ul3kin[.]freevideodownloader[.]pro,First stage DoppelGänger,Sekoia.io
WHITE,ulz9re[.]eboy[.]info,First stage DoppelGänger,Sekoia.io
WHITE,umlouj[.]gasskuy149[.]click,First stage DoppelGänger,Sekoia.io
WHITE,utf5w1[.]nice-credits-list228[.]buzz,First stage DoppelGänger,Sekoia.io
WHITE,uv2hzh[.]opensea9[.]tech,First stage DoppelGänger,Sekoia.io
WHITE,uw79hp[.]reyt-cre-ann44[.]buzz,First stage DoppelGänger,Sekoia.io
WHITE,uzxtbm[.]cepatlahini93[.]click,First stage DoppelGänger,Sekoia.io
WHITE,v029ec[.]ger4098764793ggwhit3[.]online,First stage DoppelGänger,Sekoia.io
WHITE,v3ix3z[.]rou[.]bar,First stage DoppelGänger,Sekoia.io
WHITE,v5utyg[.]great-cred50[.]buzz,First stage DoppelGänger,Sekoia.io
WHITE,v5yoaq[.]chilling[.]lol,First stage DoppelGänger,Sekoia.io
WHITE,va63pm[.]rating-cred164[.]buzz,First stage DoppelGänger,Sekoia.io
WHITE,vcahd4[.]fitspressousa[.]com,First stage DoppelGänger,Sekoia.io
WHITE,vddxlv[.]worldcryptomining[.]live,First stage DoppelGänger,Sekoia.io
WHITE,vi8bgj[.]garaj[.]site,First stage DoppelGänger,Sekoia.io
WHITE,vmtu1y[.]yellowbarrels[.]co[.]uk,First stage DoppelGänger,Sekoia.io
WHITE,vp53bj[.]shine-squadcleaning[.]store,First stage DoppelGänger,Sekoia.io
WHITE,vv5md4[.]parmarthyogashram[.]com,First stage DoppelGänger,Sekoia.io
WHITE,vxy9ts[.]rentranking[.]online,First stage DoppelGänger,Sekoia.io
WHITE,w39vyh[.]zm-kariz-best114[.]buzz,First stage DoppelGänger,Sekoia.io
WHITE,w3yr6b[.]khidmatkhalq[.]com,First stage DoppelGänger,Sekoia.io
WHITE,w4ux1u[.]zaksi-kred-mx23[.]buzz,First stage DoppelGänger,Sekoia.io
WHITE,w4x964[.]cepatlahini93[.]click,First stage DoppelGänger,Sekoia.io
WHITE,w7fs5u[.]testingarsip[.]xyz,First stage DoppelGänger,Sekoia.io
WHITE,w9rpgr[.]getmobile[.]online,First stage DoppelGänger,Sekoia.io
WHITE,wflfks[.]start-cred-history90[.]buzz,First stage DoppelGänger,Sekoia.io
WHITE,wgwkkc[.]slimminggummiesofficial[.]store,First stage DoppelGänger,Sekoia.io
WHITE,wh3kmz[.]digipanservices[.]in,First stage DoppelGänger,Sekoia.io
WHITE,who9g3[.]balala[.]tech,First stage DoppelGänger,Sekoia.io
WHITE,wi7brv[.]tanpapenyesalan[.]click,First stage DoppelGänger,Sekoia.io
WHITE,wmpp73[.]speaiker[.]com,First stage DoppelGänger,Sekoia.io
WHITE,wrbb8d[.]karritech[.]co[.]uk,First stage DoppelGänger,Sekoia.io
WHITE,x0fxvm[.]antipandemicsupplies[.]com,First stage DoppelGänger,Sekoia.io
WHITE,x76yrj[.]start-cred-history118[.]buzz,First stage DoppelGänger,Sekoia.io
WHITE,x7r8nz[.]santsuono[.]club,First stage DoppelGänger,Sekoia.io
WHITE,xbqaz5[.]coinmaster[.]world,First stage DoppelGänger,Sekoia.io
WHITE,xfx6hd[.]c-majac-ann15[.]buzz,First stage DoppelGänger,Sekoia.io
WHITE,xmyaqs[.]homeopathypjnhmc[.]edu[.]in,First stage DoppelGänger,Sekoia.io
WHITE,xr2x9u[.]kbbet1[.]life,First stage DoppelGänger,Sekoia.io
WHITE,xu71vo[.]grocerysphere[.]com,First stage DoppelGänger,Sekoia.io
WHITE,xvjxj7[.]indianmandirs[.]com,First stage DoppelGänger,Sekoia.io
WHITE,xywsho[.]hurkushackteam[.]org,First stage DoppelGänger,Sekoia.io
WHITE,y1dod2[.]futurity[.]partners,First stage DoppelGänger,Sekoia.io
WHITE,y1z85z[.]bestlimitedoffer[.]store,First stage DoppelGänger,Sekoia.io
WHITE,y5j23h[.]incawonders[.]com,First stage DoppelGänger,Sekoia.io
WHITE,yea52d[.]informationforeveryone[.]org,First stage DoppelGänger,Sekoia.io
WHITE,yfaoli[.]cemerytasui[.]info,First stage DoppelGänger,Sekoia.io
WHITE,yfljmd[.]whencontact[.]com,First stage DoppelGänger,Sekoia.io
WHITE,ygdpd1[.]karritech[.]co[.]uk,First stage DoppelGänger,Sekoia.io
WHITE,yio4t3[.]real-credits-snap116[.]buzz,First stage DoppelGänger,Sekoia.io
WHITE,ykr195[.]theoceanartcompany[.]com,First stage DoppelGänger,Sekoia.io
WHITE,ykts2v[.]luismillares[.]store,First stage DoppelGänger,Sekoia.io
WHITE,ykycoi[.]appleid-iosdevice[.]info,First stage DoppelGänger,Sekoia.io
WHITE,ymcz5z[.]emaarindia62[.]com,First stage DoppelGänger,Sekoia.io
WHITE,ypj9em[.]biogolden[.]site,First stage DoppelGänger,Sekoia.io
WHITE,ypxlhq[.]mayavati[.]online,First stage DoppelGänger,Sekoia.io
WHITE,yrd1iz[.]nutribargains[.]life,First stage DoppelGänger,Sekoia.io
WHITE,yrh431[.]protradeindia[.]com,First stage DoppelGänger,Sekoia.io
WHITE,yrxibe[.]elembajadordelapampa[.]com,First stage DoppelGänger,Sekoia.io
WHITE,ytbw95[.]kredit-money-fun284[.]buzz,First stage DoppelGänger,Sekoia.io
WHITE,yzrhhk[.]kredit-money-fun202[.]buzz,First stage DoppelGänger,Sekoia.io
WHITE,z53bcd[.]eliteestates[.]services,First stage DoppelGänger,Sekoia.io
WHITE,zacedf[.]cypressnewsgh[.]online,First stage DoppelGänger,Sekoia.io
WHITE,ze2vt3[.]yamadeko187[.]click,First stage DoppelGänger,Sekoia.io
WHITE,zgb1pt[.]hungryhenrietta[.]com,First stage DoppelGänger,Sekoia.io
WHITE,zhsqmc[.]welovequran[.]com,First stage DoppelGänger,Sekoia.io
WHITE,zj8cp5[.]fasty[.]org[.]uk,First stage DoppelGänger,Sekoia.io
WHITE,zjksjp[.]norfolkcustomconcrete[.]com,First stage DoppelGänger,Sekoia.io
WHITE,zm6hh2[.]khach-hang-ca-nhan-v-n[.]com,First stage DoppelGänger,Sekoia.io
WHITE,zmivco[.]northernenviortech[.]com,First stage DoppelGänger,Sekoia.io
WHITE,znh94x[.]grupoametista[.]online,First stage DoppelGänger,Sekoia.io
WHITE,zpepsz[.]se5pro[.]co[.]uk,First stage DoppelGänger,Sekoia.io
WHITE,zplsdj[.]16c10[.]com,First stage DoppelGänger,Sekoia.io
WHITE,zrzzje[.]academicwriters[.]info,First stage DoppelGänger,Sekoia.io
WHITE,40pg96[.]risebedutt07[.]club,First stage DoppelGänger,Sekoia.io
WHITE,b34ibw[.]fbcaseappeal34512742794167[.]live,First stage DoppelGänger,Sekoia.io
WHITE,bafq5v[.]theironforest[.]com,First stage DoppelGänger,Sekoia.io
WHITE,c8re5h[.]cheatinject[.]space,First stage DoppelGänger,Sekoia.io
WHITE,cgocn5[.]penisbreakfast[.]com,First stage DoppelGänger,Sekoia.io
WHITE,cxskm6[.]ugandanchemist[.]com,First stage DoppelGänger,Sekoia.io
WHITE,d4mt2p[.]kredyt-kr33[.]buzz,First stage DoppelGänger,Sekoia.io
WHITE,f859cj[.]brisks[.]shop,First stage DoppelGänger,Sekoia.io
WHITE,hjwbdb[.]renderny[.]com,First stage DoppelGänger,Sekoia.io
WHITE,kgdr3b[.]froggy[.]lol,First stage DoppelGänger,Sekoia.io
WHITE,lu531k[.]vibor-cred96[.]buzz,First stage DoppelGänger,Sekoia.io
WHITE,m7rwtu[.]whencontact[.]com,First stage DoppelGänger,Sekoia.io
WHITE,prebid[.]deepintent[.]com,First stage DoppelGänger,Sekoia.io
WHITE,v2mn9i[.]rating-cred26[.]buzz,First stage DoppelGänger,Sekoia.io
WHITE,vls6oj[.]mountainslife[.]xyz,First stage DoppelGänger,Sekoia.io
WHITE,yzl45b[.]depolumi5[.]click,First stage DoppelGänger,Sekoia.io
WHITE,zhe455[.]accesspromarket[.]live,First stage DoppelGänger,Sekoia.io
WHITE,206.71.148[.]217,Second stage DoppelGänger,Sekoia.io
WHITE,195.85.115[.]36,Second stage DoppelGänger,Sekoia.io
WHITE,64.190.113[.]45,Second stage DoppelGänger,Sekoia.io
WHITE,206.188.197[.]116,Second stage DoppelGänger,Sekoia.io
WHITE,206.188.197[.]119,Second stage DoppelGänger,Sekoia.io
WHITE,590lotto[.]com,Second stage DoppelGänger,Sekoia.io
WHITE,711ggr[.]com,Second stage DoppelGänger,Sekoia.io
WHITE,adoazra[.]com,Second stage DoppelGänger,Sekoia.io
WHITE,adventistya[.]com,Second stage DoppelGänger,Sekoia.io
WHITE,aimbrilliant[.]com,Second stage DoppelGänger,Sekoia.io
WHITE,akramir[.]com,Second stage DoppelGänger,Sekoia.io
WHITE,alfonrust[.]com,Second stage DoppelGänger,Sekoia.io
WHITE,altgoat[.]com,Second stage DoppelGänger,Sekoia.io
WHITE,ambeey[.]com,Second stage DoppelGänger,Sekoia.io
WHITE,americanatectana[.]com,Second stage DoppelGänger,Sekoia.io
WHITE,arizztar[.]com,Second stage DoppelGänger,Sekoia.io
WHITE,arturbichoev[.]com,Second stage DoppelGänger,Sekoia.io
WHITE,aviatotventure[.]com,Second stage DoppelGänger,Sekoia.io
WHITE,avtechdaddy[.]com,Second stage DoppelGänger,Sekoia.io
WHITE,beecontrolparadisevalleyaz[.]com,Second stage DoppelGänger,Sekoia.io
WHITE,blazetrucks[.]com,Second stage DoppelGänger,Sekoia.io
WHITE,bluetoffee-books[.]com,Second stage DoppelGänger,Sekoia.io
WHITE,bookingyatri[.]com,Second stage DoppelGänger,Sekoia.io
WHITE,buymeagradient[.]com,Second stage DoppelGänger,Sekoia.io
WHITE,carolynjettproperty[.]com,Second stage DoppelGänger,Sekoia.io
WHITE,cdsofiowa[.]com,Second stage DoppelGänger,Sekoia.io
WHITE,cerrajerosviladecans[.]online,Second stage DoppelGänger,Sekoia.io
WHITE,charayaassociates[.]com,Second stage DoppelGänger,Sekoia.io
WHITE,companyrush[.]com,Second stage DoppelGänger,Sekoia.io
WHITE,contrictor[.]com,Second stage DoppelGänger,Sekoia.io
WHITE,daileaf[.]com,Second stage DoppelGänger,Sekoia.io
WHITE,docnanb[.]com,Second stage DoppelGänger,Sekoia.io
WHITE,dreamgeorgia[.]com,Second stage DoppelGänger,Sekoia.io
WHITE,dumonmap[.]com,Second stage DoppelGänger,Sekoia.io
WHITE,ecboteltekstil[.]com,Second stage DoppelGänger,Sekoia.io
WHITE,emdrnearme[.]com,Second stage DoppelGänger,Sekoia.io
WHITE,emverticales[.]com,Second stage DoppelGänger,Sekoia.io
WHITE,etherdatalabs[.]com,Second stage DoppelGänger,Sekoia.io
WHITE,faridmehdipour[.]com,Second stage DoppelGänger,Sekoia.io
WHITE,fastnep[.]com,Second stage DoppelGänger,Sekoia.io
WHITE,financiallyfitemployee[.]com,Second stage DoppelGänger,Sekoia.io
WHITE,fionaparr[.]com,Second stage DoppelGänger,Sekoia.io
WHITE,flexkopanalo[.]top,Second stage DoppelGänger,Sekoia.io
WHITE,flexwe[.]com,Second stage DoppelGänger,Sekoia.io
WHITE,freeebooktemplates[.]com,Second stage DoppelGänger,Sekoia.io
WHITE,freemit[.]com,Second stage DoppelGänger,Sekoia.io
WHITE,freexp3series[.]com,Second stage DoppelGänger,Sekoia.io
WHITE,frontiersemiconductor[.]com,Second stage DoppelGänger,Sekoia.io
WHITE,gestarcare[.]com,Second stage DoppelGänger,Sekoia.io
WHITE,gevirts[.]com,Second stage DoppelGänger,Sekoia.io
WHITE,globalindustires[.]com,Second stage DoppelGänger,Sekoia.io
WHITE,glowforgeusergroup[.]com,Second stage DoppelGänger,Sekoia.io
WHITE,govreadyq[.]com,Second stage DoppelGänger,Sekoia.io
WHITE,grumpymomma[.]com,Second stage DoppelGänger,Sekoia.io
WHITE,guzzlerspubpos[.]com,Second stage DoppelGänger,Sekoia.io
WHITE,healthsuggetions[.]com,Second stage DoppelGänger,Sekoia.io
WHITE,heavycreambags[.]com,Second stage DoppelGänger,Sekoia.io
WHITE,ikkyle[.]com,Second stage DoppelGänger,Sekoia.io
WHITE,incredipoll[.]com,Second stage DoppelGänger,Sekoia.io
WHITE,interactiveleap[.]com,Second stage DoppelGänger,Sekoia.io
WHITE,intsightful[.]com,Second stage DoppelGänger,Sekoia.io
WHITE,invierteseguroenmiami[.]com,Second stage DoppelGänger,Sekoia.io
WHITE,jetcarsrentacar[.]com,Second stage DoppelGänger,Sekoia.io
WHITE,jiajamfit[.]com,Second stage DoppelGänger,Sekoia.io
WHITE,jlaworld[.]com,Second stage DoppelGänger,Sekoia.io
WHITE,kamnarajput[.]com,Second stage DoppelGänger,Sekoia.io
WHITE,kenevirinfaydalari[.]com,Second stage DoppelGänger,Sekoia.io
WHITE,kiddosdeals[.]com,Second stage DoppelGänger,Sekoia.io
WHITE,letsfind123[.]com,Second stage DoppelGänger,Sekoia.io
WHITE,lildoxi[.]com,Second stage DoppelGänger,Sekoia.io
WHITE,littlecrumblybits[.]com,Second stage DoppelGänger,Sekoia.io
WHITE,maddiecrum[.]com,Second stage DoppelGänger,Sekoia.io
WHITE,manojrawniar[.]com,Second stage DoppelGänger,Sekoia.io
WHITE,matiasbenavides[.]com,Second stage DoppelGänger,Sekoia.io
WHITE,meetfinancialsidekick[.]com,Second stage DoppelGänger,Sekoia.io
WHITE,milloa[.]com,Second stage DoppelGänger,Sekoia.io
WHITE,minsetguru[.]com,Second stage DoppelGänger,Sekoia.io
WHITE,misterwindowanddoor[.]com,Second stage DoppelGänger,Sekoia.io
WHITE,mmawire[.]com,Second stage DoppelGänger,Sekoia.io
WHITE,momixapkdownload[.]com,Second stage DoppelGänger,Sekoia.io
WHITE,mspbazar[.]com,Second stage DoppelGänger,Sekoia.io
WHITE,mt-secure-bnk[.]com,Second stage DoppelGänger,Sekoia.io
WHITE,mundowao[.]com,Second stage DoppelGänger,Sekoia.io
WHITE,pawbiiotix[.]com,Second stage DoppelGänger,Sekoia.io
WHITE,paypalcheck[.]com,Second stage DoppelGänger,Sekoia.io
WHITE,pkjobs23[.]com,Second stage DoppelGänger,Sekoia.io
WHITE,plusdates[.]com,Second stage DoppelGänger,Sekoia.io
WHITE,pro-gymuk[.]com,Second stage DoppelGänger,Sekoia.io
WHITE,profesionalvirtual[.]com,Second stage DoppelGänger,Sekoia.io
WHITE,realpeoplesreviews[.]com,Second stage DoppelGänger,Sekoia.io
WHITE,realulim[.]com,Second stage DoppelGänger,Sekoia.io
WHITE,reedleycornerstonecommunitychurch[.]com,Second stage DoppelGänger,Sekoia.io
WHITE,referendud[.]com,Second stage DoppelGänger,Sekoia.io
WHITE,restuapp[.]com,Second stage DoppelGänger,Sekoia.io
WHITE,rockdogtech[.]com,Second stage DoppelGänger,Sekoia.io
WHITE,roomworkout[.]com,Second stage DoppelGänger,Sekoia.io
WHITE,roysel[.]com,Second stage DoppelGänger,Sekoia.io
WHITE,ruf-des-reiches[.]com,Second stage DoppelGänger,Sekoia.io
WHITE,ruffai[.]com,Second stage DoppelGänger,Sekoia.io
WHITE,rulesascode[.]com,Second stage DoppelGänger,Sekoia.io
WHITE,rustomega[.]com,Second stage DoppelGänger,Sekoia.io
WHITE,safevpn-app[.]com,Second stage DoppelGänger,Sekoia.io
WHITE,saivitecreation[.]com,Second stage DoppelGänger,Sekoia.io
WHITE,seckinyayincilik[.]com,Second stage DoppelGänger,Sekoia.io
WHITE,sociallords[.]com,Second stage DoppelGänger,Sekoia.io
WHITE,stemduniya[.]com,Second stage DoppelGänger,Sekoia.io
WHITE,thetoiletpaperman[.]com,Second stage DoppelGänger,Sekoia.io
WHITE,thetoycrew[.]com,Second stage DoppelGänger,Sekoia.io
WHITE,thevegasstakes[.]com,Second stage DoppelGänger,Sekoia.io
WHITE,thinkwritepost[.]com,Second stage DoppelGänger,Sekoia.io
WHITE,younais[.]com,Second stage DoppelGänger,Sekoia.io
WHITE,ggspace[.]space,Third stage DoppelGänger,Sekoia.io
WHITE,sdgqaef[.]site,Third stage DoppelGänger,Sekoia.io
WHITE,greatroomservice[.]info,Third stage DoppelGänger,Sekoia.io
WHITE,dev_est[.]dafen[.]ru,Websites referenced in Traefik interface ,Sekoia.io
WHITE,doublerproperty[.]com,Websites referenced in Traefik interface ,Sekoia.io
WHITE,protodsp[.]ru,Websites referenced in Traefik interface ,Sekoia.io
WHITE,akz[.]bg,Websites referenced in Traefik interface ,Sekoia.io
WHITE,argondigital[.]pro,Websites referenced in Traefik interface ,Sekoia.io
WHITE,argonlabs[.]pro,Websites referenced in Traefik interface ,Sekoia.io
WHITE,bitsdepartment[.]online,Websites referenced in Traefik interface ,Sekoia.io
WHITE,est_dev[.]dafen[.]ru,Websites referenced in Traefik interface ,Sekoia.io
WHITE,newsbd[.]ru,Websites referenced in Traefik interface ,Sekoia.io
WHITE,lastminutenews[.]ru,Websites referenced in Traefik interface ,Sekoia.io
WHITE,nnewws[.]ru,Websites referenced in Traefik interface ,Sekoia.io
WHITE,myfreshnews[.]ru,Websites referenced in Traefik interface ,Sekoia.io
WHITE,newsroad[.]online,Websites referenced in Traefik interface ,Sekoia.io
WHITE,todaybrings[.]ru,Websites referenced in Traefik interface ,Sekoia.io
WHITE,edurustoday[.]ru,Websites referenced in Traefik interface ,Sekoia.io
WHITE,rg.urldirect[.]ru,Websites referenced in Traefik interface ,Sekoia.io
WHITE,test-auth[.]argonlabs[.]ru,Websites referenced in Traefik interface ,Sekoia.io
WHITE,voshod-agency[.]ru,Websites referenced in Traefik interface ,Sekoia.io
WHITE,zmkmayak[.]ru,Websites referenced in Traefik interface ,Sekoia.io
